{"cameraMode":{"drawMode":0,"name":"Shaded","section":"Shading Mode"},"sceneLighting":true,"audioPlay":false,"sceneViewState":{"m_AlwaysRefresh":true,"showFog":true,"showSkybox":true,"showFlares":true,"showImageEffects":true,"showParticleSystems":true,"showVisualEffectGraphs":true,"m_FxEnabled":true},"in2DMode":false,"pivot":{"x":4.141124248504639,"y":-0.5951260328292847,"z":-6.13247013092041},"rotation":{"x":0.001598768518306315,"y":0.9922230243682861,"z":-0.12388190627098084,"w":0.012802204117178917},"size":6.1315412521362309,"orthographic":false}