{"cameraMode":{"drawMode":0,"name":"Shaded","section":"Shading Mode"},"sceneLighting":true,"audioPlay":false,"sceneViewState":{"m_AlwaysRefresh":true,"showFog":true,"showSkybox":true,"showFlares":true,"showImageEffects":true,"showParticleSystems":true,"showVisualEffectGraphs":true,"m_FxEnabled":true},"in2DMode":false,"pivot":{"x":3.970430850982666,"y":1.75247061252594,"z":1.5640308856964112},"rotation":{"x":0.006904527544975281,"y":-0.9922357201576233,"z":0.06438955664634705,"w":0.10667286813259125},"size":0.8660253882408142,"orthographic":true}