{"cameraMode":{"drawMode":0,"name":"Shaded","section":"Shading Mode"},"sceneLighting":true,"audioPlay":false,"sceneViewState":{"m_AlwaysRefresh":true,"showFog":true,"showSkybox":true,"showFlares":true,"showImageEffects":true,"showParticleSystems":true,"showVisualEffectGraphs":true,"m_FxEnabled":true},"in2DMode":false,"pivot":{"x":-0.40383410453796389,"y":2.153298854827881,"z":5.000736236572266},"rotation":{"x":0.04152596369385719,"y":-0.9524727463722229,"z":0.15156874060630799,"w":0.2611445486545563},"size":1.6260942220687867,"orthographic":true}