{"cameraMode":{"drawMode":0,"name":"Shaded","section":"Shading Mode"},"sceneLighting":false,"audioPlay":false,"sceneViewState":{"m_AlwaysRefresh":true,"showFog":true,"showSkybox":false,"showFlares":true,"showImageEffects":true,"showParticleSystems":true,"showVisualEffectGraphs":true,"m_FxEnabled":true},"in2DMode":false,"pivot":{"x":-0.9219999313354492,"y":0.5709999799728394,"z":1.6169999837875367},"rotation":{"x":-0.060236357152462009,"y":0.8979043364524841,"z":-0.12993355095386506,"w":-0.4162599742412567},"size":1.746736764907837,"orthographic":false}